{"cameraMode":{"drawMode":0,"name":"Shaded","section":"Shading Mode"},"sceneLighting":true,"audioPlay":false,"sceneViewState":{"m_AlwaysRefresh":false,"showFog":true,"showSkybox":true,"showFlares":true,"showImageEffects":false,"showParticleSystems":true,"showVisualEffectGraphs":true,"m_FxEnabled":true},"in2DMode":false,"pivot":{"x":-10.02515983581543,"y":1.2731112241744996,"z":-3.789703369140625},"rotation":{"x":0.2725410461425781,"y":-0.007643866818398237,"z":0.0019841620232909919,"w":0.9622573852539063},"size":0.8142869472503662,"orthographic":false}