{"cameraMode":{"drawMode":0,"name":"Shaded","section":"Shading Mode"},"sceneLighting":true,"audioPlay":false,"sceneViewState":{"m_AlwaysRefresh":false,"showFog":true,"showSkybox":true,"showFlares":true,"showImageEffects":false,"showParticleSystems":true,"showVisualEffectGraphs":true,"m_FxEnabled":true},"in2DMode":false,"pivot":{"x":-27.280813217163087,"y":-6.475752353668213,"z":-20.18372917175293},"rotation":{"x":0.04978673905134201,"y":-0.9363630414009094,"z":0.14875878393650056,"w":0.31440189480781557},"size":14.860950469970704,"orthographic":false}