{"cameraMode":{"drawMode":0,"name":"Shaded","section":"Shading Mode"},"sceneLighting":true,"audioPlay":false,"sceneViewState":{"m_AlwaysRefresh":false,"showFog":true,"showSkybox":true,"showFlares":true,"showImageEffects":false,"showParticleSystems":true,"showVisualEffectGraphs":true,"m_FxEnabled":true},"in2DMode":false,"pivot":{"x":-9.707701683044434,"y":1.1294479370117188,"z":-3.3835556507110597},"rotation":{"x":0.007438968867063522,"y":0.9924824237823486,"z":-0.09256941825151444,"w":0.07996697723865509},"size":1.0428717136383057,"orthographic":false}