{"cameraMode":{"drawMode":0,"name":"Shaded","section":"Shading Mode"},"sceneLighting":true,"audioPlay":false,"sceneViewState":{"m_AlwaysRefresh":false,"showFog":true,"showSkybox":true,"showFlares":true,"showImageEffects":false,"showParticleSystems":true,"showVisualEffectGraphs":true,"m_FxEnabled":true},"in2DMode":false,"pivot":{"x":-12.196979522705079,"y":4.83609676361084,"z":38.834136962890628},"rotation":{"x":-0.046482231467962268,"y":-0.008091861382126809,"z":-0.0003846357867587358,"w":0.9988991618156433},"size":17.229928970336915,"orthographic":false}