{"cameraMode":{"drawMode":0,"name":"Shaded","section":"Shading Mode"},"sceneLighting":true,"audioPlay":false,"sceneViewState":{"m_AlwaysRefresh":false,"showFog":true,"showSkybox":true,"showFlares":true,"showImageEffects":false,"showParticleSystems":true,"showVisualEffectGraphs":true,"m_FxEnabled":true},"in2DMode":false,"pivot":{"x":-0.20113645493984223,"y":8.676153182983399,"z":-0.06810477375984192},"rotation":{"x":0.4396950304508209,"y":0.28521421551704409,"z":-0.14957503974437715,"w":0.8384244441986084},"size":0.5440571308135986,"orthographic":false}