{"cameraMode":{"drawMode":0,"name":"Shaded","section":"Shading Mode"},"sceneLighting":true,"audioPlay":false,"sceneViewState":{"m_AlwaysRefresh":false,"showFog":true,"showSkybox":true,"showFlares":true,"showImageEffects":false,"showParticleSystems":true,"showVisualEffectGraphs":true,"m_FxEnabled":true},"in2DMode":false,"pivot":{"x":17.683849334716798,"y":3.147026538848877,"z":19.002490997314454},"rotation":{"x":-0.022715991362929345,"y":0.454437792301178,"z":0.011580846272408963,"w":0.8904291987419128},"size":17.229928970336915,"orthographic":false}