{"cameraMode":{"drawMode":0,"name":"Shaded","section":"Shading Mode"},"sceneLighting":true,"audioPlay":false,"sceneViewState":{"m_AlwaysRefresh":false,"showFog":true,"showSkybox":true,"showFlares":true,"showImageEffects":false,"showParticleSystems":true,"showVisualEffectGraphs":true,"m_FxEnabled":true},"in2DMode":false,"pivot":{"x":-0.26025670766830447,"y":8.700957298278809,"z":0.011935591697692871},"rotation":{"x":0.43269383907318118,"y":0.225112184882164,"z":-0.11251462250947952,"w":0.8657069206237793},"size":0.5440571308135986,"orthographic":false}