{"cameraMode":{"drawMode":0,"name":"Shaded","section":"Shading Mode"},"sceneLighting":true,"audioPlay":false,"sceneViewState":{"m_AlwaysRefresh":false,"showFog":true,"showSkybox":true,"showFlares":true,"showImageEffects":false,"showParticleSystems":true,"showVisualEffectGraphs":true,"m_FxEnabled":true},"in2DMode":false,"pivot":{"x":-10.08304214477539,"y":1.1361491680145264,"z":1.0952461957931519},"rotation":{"x":0.012136411853134632,"y":0.9693179726600647,"z":-0.04889288172125816,"w":0.24059751629829408},"size":1.3273913860321046,"orthographic":false}