{"cameraMode":{"drawMode":0,"name":"Shaded","section":"Shading Mode"},"sceneLighting":false,"audioPlay":false,"sceneViewState":{"m_AlwaysRefresh":false,"showFog":true,"showSkybox":false,"showFlares":true,"showImageEffects":false,"showParticleSystems":true,"showVisualEffectGraphs":true,"m_FxEnabled":true},"in2DMode":false,"pivot":{"x":-9.721224784851075,"y":1.3633877038955689,"z":0.351085901260376},"rotation":{"x":0.00038584531284868717,"y":0.9991922378540039,"z":-0.03898824751377106,"w":0.009890462271869183},"size":1.257421851158142,"orthographic":true}