{"cameraMode":{"drawMode":0,"name":"Shaded","section":"Shading Mode"},"sceneLighting":false,"audioPlay":false,"sceneViewState":{"m_AlwaysRefresh":false,"showFog":true,"showSkybox":false,"showFlares":true,"showImageEffects":false,"showParticleSystems":true,"showVisualEffectGraphs":true,"m_FxEnabled":true},"in2DMode":false,"pivot":{"x":-0.3669130206108093,"y":0.5587775707244873,"z":1.0874971151351929},"rotation":{"x":-0.012689242139458657,"y":0.9809566736221314,"z":-0.06867900490760803,"w":-0.18124617636203767},"size":0.8411786556243897,"orthographic":false}