{"cameraMode":{"drawMode":0,"name":"Shaded","section":"Shading Mode"},"sceneLighting":false,"audioPlay":false,"sceneViewState":{"m_AlwaysRefresh":false,"showFog":true,"showSkybox":false,"showFlares":true,"showImageEffects":true,"showParticleSystems":true,"showVisualEffectGraphs":true,"m_FxEnabled":true},"in2DMode":false,"pivot":{"x":6.620548248291016,"y":5.697282314300537,"z":5.615398406982422},"rotation":{"x":0.0007468563271686435,"y":0.9929305911064148,"z":-0.11852791905403137,"w":0.006256129592657089},"size":1.0428723096847535,"orthographic":false}